label,struct_temp_1_hop_neighbor_max_time,struct_temp_1_hop_neighbor_mean_time,struct_temp_1_hop_neighbor_median_time,struct_temp_2_hop_neighbor_max_time,struct_temp_2_hop_neighbor_mean_time,struct_temp_2_hop_neighbor_median_time,tweet_id
false,50507.03,1776.9509691629967,119.17,50507.03,1776.9509691629967,13.8,656955120626880512
true,34575.95,879.195606936416,108.92500000000001,34575.95,879.195606936416,995.98,615689290706595840
false,8851.47,247.85000000000005,13.485,8851.47,247.85000000000005,23.15,613404935003217920
unverified,171903.5,18762.265398230087,338.8,171903.5,18762.265398230087,387.3,731166399389962242
unverified,101483.42,1706.696533333333,56.13,101483.42,1706.696533333333,78.23500000000004,714598641827246081
true,1247.15,193.57772222222238,121.135,1247.15,193.57772222222238,13.149999999999977,614467824313106432
unverified,82670.3,655.5176396396397,129.94,82670.3,655.5176396396397,61.655,715515982584881152
non-rumor,20209.85,810.9893197278918,118.21,20209.85,810.9893197278918,39.080000000000005,693315824132685824
non-rumor,33200.27,904.7049999999999,101.45,33200.27,904.7049999999999,167.71,693843042546106369
false,5977.57,604.3188372093019,186.18,5977.57,604.3188372093019,123.64999999999999,622891631293935616
non-rumor,39542.08,268.19252032520336,24.13,39542.08,268.19252032520336,33.76500000000002,692630756548591616
non-rumor,2796.67,90.69129824561402,16.05,2796.67,90.69129824561402,8.350000000000023,693265096278163456
true,2594.75,32.24649122807018,4.355,2594.75,32.24649122807018,1.9100000000000001,553589051044151296
true,403.63,10.718858447488586,2.7,403.63,10.718858447488586,4.655000000000001,553590835850514433
false,50285.45,726.4940554156173,68.68,50285.45,726.4940554156173,31.215,622858454949040128
false,12598.6,133.0612745098039,16.835,12598.6,133.0612745098039,41.86000000000001,656870311057575936
true,201131.52,1976.7308606557383,93.935,201131.52,1976.7308606557383,37.06499999999998,616311563071434753
non-rumor,6249.93,97.35254752851709,5.1,6249.93,97.35254752851709,4.25,641666167992647681
true,1560.07,94.57522580645161,22.025,1560.07,94.57522580645161,23.685000000000002,525060425184858112
false,22116.75,271.5355797101449,13.6,22116.75,271.5355797101449,7.950000000000001,672513234419638273
true,1687.83,129.36628571428574,65.13,1687.83,129.36628571428574,29.05000000000001,544382892378714113
non-rumor,193293.6,4770.370288461539,1303.205,193293.6,4770.370288461539,45.61999999999989,681824512120324096
false,40180.42,1338.0479999999998,62.85,40180.42,1338.0479999999998,4.605000000000004,620835698514464768
false,72883.13,2003.650298769768,59.865,72883.13,2003.650298769768,18.15,626898253900943360
false,98014.53,712.74262443439,22.43,98014.53,712.74262443439,32.865,618804516578680832
false,12058.33,3475.088260869566,1504.835,12058.33,3475.088260869566,507.6700000000001,672632899921833984
true,165.68,7.828910891089102,2.37,165.68,7.828910891089102,12.21,553588178687655936
false,475048.13,15705.092119700736,8125.83,475048.13,15705.092119700736,37.45000000000073,594687353937100801
false,307.1,36.7473275862069,17.6,307.1,36.7473275862069,8.714999999999996,613016993692798977
false,307026.13,1596.519920318725,16.61,307026.13,1596.519920318725,15.810000000000002,663385747177775105
non-rumor,15952.35,349.4214015748034,37.42,15952.35,349.4214015748034,17.019999999999982,766715993385267201
non-rumor,74037.12,850.9485670261938,46.63,74037.12,850.9485670261938,64.8,693141729529184256
true,1273.85,33.69378378378378,5.43,1273.85,33.69378378378378,4.48,524966904885428226
false,25661.32,379.7595512820513,25.58,25661.32,379.7595512820513,22.27,613393657161510913
true,1287.52,44.24592592592595,8.48,1287.52,44.24592592592595,13.229999999999999,544374511194632192
unverified,1378.95,53.573571428571434,3.54,1378.95,53.573571428571434,3.285,706665777332621314
non-rumor,58176.72,780.4916181229771,21.13,58176.72,780.4916181229771,8.745000000000001,693827886021767169
false,103914.1,5389.078928571432,348.63,103914.1,5389.078928571432,537.46,604354747357859842
non-rumor,12443.47,265.6037860780983,103.27,12443.47,265.6037860780983,23.835000000000015,767709416879644672
non-rumor,10104.95,234.36063414634157,31.68,10104.95,234.36063414634157,43.989999999999995,693146363685642240
false,4940.03,124.35342424242421,19.744999999999997,4940.03,124.35342424242421,13.049999999999997,652783670370115585
false,58343.28,879.0995505617974,92.035,58343.28,879.0995505617974,13.840000000001083,674187250792558592
unverified,21710.28,256.5578787878788,37.22,21710.28,256.5578787878788,23.269999999999996,726043971911213057
true,911.05,42.62986301369864,5.23,911.05,42.62986301369864,4.8100000000000005,524935485370929152
unverified,18624.73,3810.8288823529365,1207.19,18624.73,3810.8288823529365,516.535,730939370765754368
unverified,4420.4,135.80976047904196,10.51,4420.4,135.80976047904196,26.41,723365789378584578
false,5021.0,140.79853658536584,22.055,5021.0,140.79853658536584,8.845,674244561519161344
true,181.83,18.778333333333325,4.82,181.83,18.778333333333325,2.3050000000000006,553535829017370625
unverified,7440.58,145.0959130434783,18.6,7440.58,145.0959130434783,11.285,731093044460683264
non-rumor,18029.85,187.47602543720217,49.42,18029.85,187.47602543720217,19.569999999999993,693086218276474880
non-rumor,68230.1,630.5070491803277,31.54,68230.1,630.5070491803277,11.265000000000073,692150118921957376
false,6433.88,58.121216216216254,17.869999999999997,6433.88,58.121216216216254,19.409999999999997,656830586577883136
true,51.15,14.119636363636367,15.8,51.15,14.119636363636367,2.089999999999999,553543369604210689
non-rumor,12949.98,501.0818950064025,60.98,12949.98,501.0818950064025,106.60999999999999,767814876433571840
true,8879.27,156.35394736842125,20.865000000000002,8879.27,156.35394736842125,9.569999999999993,649985459389661184
true,2844.68,30.023768115942037,3.7,2844.68,30.023768115942037,3.3499999999999996,553531413459660800
non-rumor,22111.17,397.37217194570127,45.54,22111.17,397.37217194570127,488.44,693840291992838147
false,5835.5,503.01171428571416,186.29,5835.5,503.01171428571416,44.30000000000007,663925546812837888
true,19341.92,411.0929152542373,115.68,19341.92,411.0929152542373,27.79,614604054552018944
false,10408.2,567.4046428571428,101.8,10408.2,567.4046428571428,18.279999999999998,637382230394822656
false,4339.68,918.7415068493151,249.1,4339.68,918.7415068493151,5.765000000000001,661222523275636736
unverified,4037.48,505.63131034482757,365.32,4037.48,505.63131034482757,38.7,714531423273746432
false,4627.87,318.6183193277309,223.68,4627.87,318.6183193277309,14.929999999999986,675043569367982081
true,1316.65,79.53986725663711,22.560000000000002,1316.65,79.53986725663711,11.299999999999997,544314234541469696
unverified,31518.68,18531.787857142866,26255.785,31518.68,18531.787857142866,24360.57,651809229842608128
non-rumor,9074.05,147.5838718662952,14.98,9074.05,147.5838718662952,19.889999999999997,693140340367187969
true,190.83,9.09568181818182,2.9400000000000004,190.83,9.09568181818182,1.9949999999999997,553534838880608256
false,3204.72,173.88732394366198,94.62,3204.72,173.88732394366198,43.45,633961125126668288
true,64.2,4.418045977011494,1.13,64.2,4.418045977011494,2.2600000000000002,544512108885725184
true,255992.08,381.3787500000001,32.86,255992.08,381.3787500000001,11.729999999999961,552805488631758849
false,4080.17,459.3373626373625,94.17,4080.17,459.3373626373625,30.164999999999836,645711628046995462
true,5454.65,223.33606012658248,46.769999999999996,5454.65,223.33606012658248,16.87,614608936491188225
non-rumor,85221.68,380.02778106508873,21.035,85221.68,380.02778106508873,41.57000000000001,693858804279201794
false,3885.42,993.1809859154932,411.47,3885.42,993.1809859154932,146.92499999999998,674014933235859456
non-rumor,12534.88,572.6060927152317,83.22999999999999,12534.88,572.6060927152317,47.77000000000002,690042063958732800
non-rumor,2847.98,154.9483720930232,33.42,2847.98,154.9483720930232,32.78,693041285087756288
false,602930.85,16627.018689655182,1445.27,602930.85,16627.018689655182,4.029999999999636,620971220301787136
false,455.95,54.486818181818165,45.0,455.95,54.486818181818165,110.59,656880145769197568
true,28745.7,538.7881508515817,80.53,28745.7,538.7881508515817,40.620000000000005,674263945172119552
false,575980.37,1586.401976320583,185.68,575980.37,1586.401976320583,58.85,612646796355960832
true,447.42,27.4767816091954,1.77,447.42,27.4767816091954,1.1699999999999982,544511199702822913
unverified,2109.47,157.90302631578945,17.42,2109.47,157.90302631578945,29.910000000000004,650952376954650629
non-rumor,13520.48,165.3630118694362,28.78,13520.48,165.3630118694362,27.54999999999999,693441093048766464
true,1379.53,47.4901111111111,8.29,1379.53,47.4901111111111,11.915,553107921081749504
false,9063.8,1120.8587234042554,488.34000000000003,9063.8,1120.8587234042554,176.81,666190716448587776
non-rumor,12832.77,378.6137538461537,98.91,12832.77,378.6137538461537,19.699999999999996,681199637387149313
true,64006.52,2154.2760548722763,1452.03,64006.52,2154.2760548722763,259.995,632377165477191680
false,1671.3,82.10790697674419,18.515,1671.3,82.10790697674419,13.049999999999999,652992524504600576
unverified,28816.88,834.4768027210887,116.38,28816.88,834.4768027210887,125.19999999999999,763738618573623297
false,29738.57,418.70877118644063,89.55,29738.57,418.70877118644063,36.59,672927317191229440
unverified,2700.53,141.9593661971832,29.91,2700.53,141.9593661971832,13.450000000000003,757367391202471937
non-rumor,11945.5,246.01632075471693,24.68,11945.5,246.01632075471693,23.314999999999998,688819658057740290
non-rumor,74562.85,956.4056634304204,56.23,74562.85,956.4056634304204,73.41,692845716826300418
unverified,1801.73,39.48642105263158,12.48,1801.73,39.48642105263158,7.005,756282236375277568
non-rumor,39049.38,398.11023206751037,66.325,39049.38,398.11023206751037,18.189999999999998,692742353736568833
false,2514.65,157.48166666666663,27.845,2514.65,157.48166666666663,21.060000000000002,675193315306905600
false,389816.72,167869.6454860684,141114.23,389816.72,167869.6454860684,91.95500000000902,674364257799004160
unverified,59195.6,497.0515384615381,129.11,59195.6,497.0515384615381,74.5,716461257025581056
false,12763.42,682.2431967213109,168.36,12763.42,682.2431967213109,72.44999999999993,662430295254175744
true,57.8,8.336886792452836,4.15,57.8,8.336886792452836,3.04,544512676643500033
false,8782.15,153.81002439024397,16.035,8782.15,153.81002439024397,22.689999999999998,638050997340893184
non-rumor,5044.57,107.13315517241375,7.73,5044.57,107.13315517241375,8.7,692890520960397312
true,251798.05,3422.1591946308727,6.55,251798.05,3422.1591946308727,9.34,544324444773433348
unverified,2554.7,405.0894117647059,104.625,2554.7,405.0894117647059,22.255000000000003,745236050407194624
false,10952.4,530.8325890410954,332.1,10952.4,530.8325890410954,20.71,673079581520318464
non-rumor,3502.8,184.86300000000008,43.245000000000005,3502.8,184.86300000000008,8.190000000000001,691995324752252930
false,142306.47,7479.2873333333355,385.9,142306.47,7479.2873333333355,9.899999999999636,673984270902427650
true,455.02,16.73807308970098,3.17,455.02,16.73807308970098,2.92,524975705206304769
false,10947.03,197.7179674796747,9.97,10947.03,197.7179674796747,4.190000000000001,618805892222468096
non-rumor,130423.32,1003.5959550561798,65.035,130423.32,1003.5959550561798,31.119999999999997,693086478667112448
true,42220.32,267.41986827661924,47.02,42220.32,267.41986827661924,10.01,614595181845839873
false,30086.5,1505.7450000000006,1120.5149999999999,30086.5,1505.7450000000006,21.480000000000018,654371696195993600
false,21611.17,740.6887619047618,49.33,21611.17,740.6887619047618,68.53,665358434351509504
unverified,2693.12,92.83064220183479,14.36,2693.12,92.83064220183479,9.850000000000001,755439197125767169
false,18332.77,402.5152153110048,28.63,18332.77,402.5152153110048,20.53,666633171325353989
unverified,3550.32,128.28484848484854,12.67,3550.32,128.28484848484854,6.729999999999999,729647367457230850
unverified,12899.15,1462.7305128205126,77.57,12899.15,1462.7305128205126,35.195,726442550266044416
false,978.0,121.20879581151821,31.365,978.0,121.20879581151821,37.63000000000001,666070802924617728
true,1150.93,20.538662790697664,3.325,1150.93,20.538662790697664,3.9349999999999996,544512664769396736
non-rumor,59424.2,1068.8554585152842,33.57,59424.2,1068.8554585152842,49.545,692106491365605376
unverified,5800.12,285.656008583691,24.75,5800.12,285.656008583691,54.27000000000004,727966590084485120
non-rumor,2160.28,64.86673306772909,9.0,2160.28,64.86673306772909,3.454999999999999,691789524498845699
non-rumor,11471.72,477.54427170868416,503.05499999999995,11471.72,477.54427170868416,21.959999999999923,767803368081358848
false,8725.03,819.5791891891895,173.825,8725.03,819.5791891891895,12.650000000000006,667379734343471104
unverified,10000.98,812.933628318584,134.62,10000.98,812.933628318584,23.825000000000045,715671763808493569
false,7352.42,373.8489411764708,30.009999999999998,7352.42,373.8489411764708,37.345,653250169752977408
unverified,28207.92,994.556046511628,310.33,28207.92,994.556046511628,76.64500000000001,656361703664451585
false,12014.42,1107.0968464730304,267.56,12014.42,1107.0968464730304,178.76,643103859729166337
unverified,8399.53,404.7256097560979,150.97,8399.53,404.7256097560979,55.910000000000025,714560810266132480
false,35585.23,608.8754545454548,23.84,35585.23,608.8754545454548,91.99,658065957823324160
non-rumor,6489.33,190.14996093750005,18.71,6489.33,190.14996093750005,35.54,693534670428971008
unverified,14279.88,1079.8442857142861,54.63,14279.88,1079.8442857142861,56.475,722885778448121857
true,5314.37,132.42046109510082,29.82,5314.37,132.42046109510082,40.72,614599619310407680
unverified,97665.73,2296.3434285714275,75.92500000000001,97665.73,2296.3434285714275,19.570000000000004,706933939953344514
non-rumor,338440.15,818.9149459459463,54.349999999999994,338440.15,818.9149459459463,31.855,691285663522648065
false,205447.68,1589.7511052631587,142.48,205447.68,1589.7511052631587,45.114999999999995,661229627734667264
unverified,3512.17,220.23376146789,92.47,3512.17,220.23376146789,68.07,714755546285477888
non-rumor,122836.82,352.2116641452346,104.48,122836.82,352.2116641452346,21.285,672102358516670465
false,12554.52,331.6599753694578,42.775000000000006,12554.52,331.6599753694578,39.190000000000026,673686233936072704
false,567629.65,35497.089176029964,373.15,567629.65,35497.089176029964,19.19000000000233,618192748735299584
unverified,3243.95,65.59718749999999,8.309999999999999,3243.95,65.59718749999999,9.415000000000001,715264793737879553
true,1454.83,48.76338983050847,6.880000000000001,1454.83,48.76338983050847,7.965000000000001,614594667225571328
non-rumor,43243.77,240.3452617079891,25.02,43243.77,240.3452617079891,17.189999999999987,693935557009801218
false,8062.27,588.7442857142859,44.614999999999995,8062.27,588.7442857142859,21.775,644229386149888001
unverified,509.25,67.91131868131869,28.5,509.25,67.91131868131869,19.2,763428684850094080
false,4082.37,401.96819819819837,294.23,4082.37,401.96819819819837,238.63,671181758692507648
non-rumor,63819.57,404.85205042016804,45.52,63819.57,404.85205042016804,23.27,692078399012130816
unverified,12982.48,193.33234567901232,121.86500000000001,12982.48,193.33234567901232,47.56,752875379765968897
false,7888.8,209.21713355048843,26.19,7888.8,209.21713355048843,51.31999999999999,626642648179159040
unverified,661.52,38.74837037037037,17.38,661.52,38.74837037037037,13.0,742114513726623744
unverified,2153.73,113.67666666666665,21.73,2153.73,113.67666666666665,24.395,716457799392342018
unverified,1567.97,214.7234523809523,101.1,1567.97,214.7234523809523,11.874999999999986,778625026144792577
true,575218.27,1268.4911041292628,64.89,575218.27,1268.4911041292628,30.939999999999998,614610920782888960
unverified,2096.77,94.54825242718442,12.83,2096.77,94.54825242718442,7.26,715254040289021952
false,11667.4,419.3933766233767,83.93,11667.4,419.3933766233767,32.730000000000004,673872171341447169
non-rumor,106222.7,911.9266502463054,135.77,106222.7,911.9266502463054,39.01999999999998,693167683701968896
unverified,7163.0,2025.3007407407404,1786.22,7163.0,2025.3007407407404,14.319999999999936,724624672604610562
unverified,6739.77,429.68922155688637,136.02,6739.77,429.68922155688637,237.89000000000001,655432919595548672
non-rumor,9935.47,220.75289693593317,30.79,9935.47,220.75289693593317,40.065,692014905239666688
true,92.72,9.158631578947368,8.2,92.72,9.158631578947368,3.950000000000001,544520042810200064
non-rumor,7324.32,100.39241379310349,9.115,7324.32,100.39241379310349,5.745000000000001,692803280238419971
false,14774.0,421.64651898734184,60.55,14774.0,421.64651898734184,21.445,664000310856310784
unverified,1381.4,310.2936082474228,395.42,1381.4,310.2936082474228,26.015,742571519105077248
non-rumor,19925.82,359.0148073555167,71.17,19925.82,359.0148073555167,90.81,767541796410839040
true,6069.97,527.5873631840799,233.83,6069.97,527.5873631840799,178.12,641972184412327937
false,604.38,160.04174358974404,150.58,604.38,160.04174358974404,49.41999999999999,651321040119963648
false,12481.22,787.4091958041959,557.675,12481.22,787.4091958041959,134.66000000000003,662151653462790144
non-rumor,67545.03,1006.9247727272732,16.615000000000002,67545.03,1006.9247727272732,120.00000000000001,693844030589902848
false,9152.4,487.06019867549657,132.69,9152.4,487.06019867549657,56.91000000000031,676067381299576832
true,143.65,15.784851485148517,4.57,143.65,15.784851485148517,2.0199999999999996,544491151118860289
true,766.52,71.61714285714285,50.67,766.52,71.61714285714285,5.1899999999999995,544515538383564801
false,115263.0,866.2237411347513,158.64499999999998,115263.0,866.2237411347513,66.19999999999999,673615400655970304
unverified,39887.43,759.1916260162601,75.67,39887.43,759.1916260162601,2.240000000000002,653432261203750912
false,2074.22,258.1504469273743,29.45,2074.22,258.1504469273743,20.899999999999977,641443248909754368
true,9451.58,356.23494279176185,44.85,9451.58,356.23494279176185,14.980000000000002,614601139422633984
true,52.38,9.976315789473682,7.485,52.38,9.976315789473682,2.35,524931324763992064
unverified,158097.22,4027.4689984101688,1292.795,158097.22,4027.4689984101688,27.639999999999986,707786906189303808
false,20200.38,256.0805000000001,69.66499999999999,20200.38,256.0805000000001,40.749999999999986,656047932093763584
non-rumor,26653.98,223.24636363636372,26.634999999999998,26653.98,223.24636363636372,17.8,723025600810766336
false,3913.25,314.0453225806453,40.54,3913.25,314.0453225806453,21.825,656595123590012928
false,16523.98,703.4597478991599,171.42,16523.98,703.4597478991599,47.349999999999994,615346611955183616
unverified,10358.88,567.8456888888888,107.93,10358.88,567.8456888888888,44.08,763524712853102596
false,48942.2,258.12281910009193,23.91,48942.2,258.12281910009193,32.82000000000001,663817239896821760
false,214443.15,28500.247542735036,442.145,214443.15,28500.247542735036,61.14999999999998,659462980476637184
false,90975.67,1201.7538069414313,87.475,90975.67,1201.7538069414313,33.96,669259395902152704
false,5027.27,305.7060000000001,47.8,5027.27,305.7060000000001,62.629999999999995,620367840902782976
unverified,8303.27,732.0747999999999,218.215,8303.27,732.0747999999999,381.22499999999997,733242244522725376
true,242.88,12.797570850202433,3.88,242.88,12.797570850202433,4.4399999999999995,544301453717041152
false,13231.42,657.9390322580646,15.6,13231.42,657.9390322580646,2.0700000000000003,628045645010608128
false,8795.7,92.4695007342143,13.38,8795.7,92.4695007342143,10.355,672169954016403456
non-rumor,1944.4,102.98008605851977,25.51,1944.4,102.98008605851977,34.92,693076140278153217
false,5704.37,115.84832487309646,36.55,5704.37,115.84832487309646,18.95,674314254732931072
unverified,71787.68,4947.6594117647055,147.97,71787.68,4947.6594117647055,48.0,714555825122107392
false,16262.47,326.925231092437,38.53,16262.47,326.925231092437,14.63000000000001,611039775856812032
unverified,8116.58,423.781447368421,68.06,8116.58,423.781447368421,18.890000000000008,778681502825451520
true,3042.37,147.2683870967742,83.85,3042.37,147.2683870967742,70.69999999999999,525068915068923904
unverified,6232.42,645.0830666666668,461.61,6232.42,645.0830666666668,178.57999999999998,740791134146965504
true,1573.33,155.58131782945742,26.77,1573.33,155.58131782945742,9.51,544504183341064192
true,309.93,25.49460526315789,5.99,309.93,25.49460526315789,11.04,553476490315431937
non-rumor,42464.52,643.9715909090905,126.06,42464.52,643.9715909090905,58.41,761573188543229952
false,30130.1,843.1231301939041,533.3,30130.1,843.1231301939041,337.00499999999994,673696115305406466
false,82857.03,566.473851132686,29.43,82857.03,566.473851132686,90.94,651825062174195712
false,5725.67,211.14826446280983,71.98,5725.67,211.14826446280983,24.020000000000003,633949800761700352
non-rumor,34651.57,458.6588544891639,80.50999999999999,34651.57,458.6588544891639,35.145,761999790892806144
true,3737.93,9.797202970297024,2.48,3737.93,9.797202970297024,1.8499999999999999,553587013409325058
true,1886.92,59.783333333333346,4.4799999999999995,1886.92,59.783333333333346,1.93,544513524438155264
false,71938.8,851.9012230215827,112.25,71938.8,851.9012230215827,15.434999999999999,672539897899577344
non-rumor,9253.48,665.7244262295083,549.75,9253.48,665.7244262295083,9.14,693691456222052352
non-rumor,33922.82,378.2791489361703,56.43,33922.82,378.2791489361703,16.509999999999984,693648684857323521
unverified,80003.71,1794.5578877887785,1111.07,80003.71,1794.5578877887785,21.04,655812191233417216
false,1323.63,59.16653429602886,11.97,1323.63,59.16653429602886,36.55500000000001,672219174463275008
true,6960.03,185.3304871060173,21.28,6960.03,185.3304871060173,16.25,614628865353351168
unverified,26537.32,2016.8861256544515,207.33,26537.32,2016.8861256544515,367.61499999999995,727854332188577792
true,640.25,27.684117647058827,4.72,640.25,27.684117647058827,1.5300000000000011,544358564484378624
unverified,2236.12,150.84768518518513,34.245,2236.12,150.84768518518513,43.465,742012307694223361
unverified,2964.5,143.6495483870969,17.05,2964.5,143.6495483870969,3.955000000000002,707332312724283392
unverified,9879.93,230.4011764705882,31.5,9879.93,230.4011764705882,23.355000000000004,755447443009916929
non-rumor,100741.78,392.66260479041915,24.035,100741.78,392.66260479041915,22.93,693555965019492352
unverified,1800.07,76.15825503355703,9.15,1800.07,76.15825503355703,7.27,705092738224525312
unverified,5001.63,338.2840350877193,40.08,5001.63,338.2840350877193,27.73999999999998,724661834419048448
unverified,38245.28,25023.566239316253,34480.92,38245.28,25023.566239316253,11.634999999997532,757190314880884736
true,1622.78,39.669939024390246,5.415,1622.78,39.669939024390246,6.0600000000000005,544278985249550337
true,571.9,51.577717391304375,13.34,571.9,51.577717391304375,7.054999999999997,544367462012432384
unverified,5991.25,487.5338257575759,156.175,5991.25,487.5338257575759,64.845,775672628493357057
non-rumor,121397.12,375.03354564755756,20.63,121397.12,375.03354564755756,16.97,692797856386777089
true,1382.92,72.0203787878788,16.495,1382.92,72.0203787878788,36.940000000000005,614645853291155457
non-rumor,6552.5,128.41437086092708,32.58,6552.5,128.41437086092708,27.699999999999996,682916727282270208
unverified,3395.73,566.2099999999997,287.525,3395.73,566.2099999999997,167.67999999999998,725983128444129280
unverified,83284.78,22049.92762790697,9800.64,83284.78,22049.92762790697,328.7999999999993,766808183696351233
true,2552.58,67.27387665198239,8.58,2552.58,67.27387665198239,19.439999999999998,552791196247269378
true,487.95,11.775983086680759,3.03,487.95,11.775983086680759,3.08,524943490887991296
false,30302.77,2415.045340909091,143.865,30302.77,2415.045340909091,24.0150000000001,667534186450825216
non-rumor,140113.88,835.2145098039211,39.45,140113.88,835.2145098039211,19.109999999999985,687643002240679936
unverified,7909.93,228.94587155963305,24.43,7909.93,228.94587155963305,24.56,723511860516016128
false,16121.17,391.6935294117648,25.9,16121.17,391.6935294117648,30.6,677099574855639044
true,470.9,32.17868421052634,12.14,470.9,32.17868421052634,9.75,544391533240516608
false,4584.27,73.68527559055117,11.625,4584.27,73.68527559055117,9.230000000000004,656825206045020160
true,232.02,29.429767441860466,8.72,232.02,29.429767441860466,4.74,525025279803424768
non-rumor,8686.32,280.0991379310346,26.175,8686.32,280.0991379310346,24.299999999999997,693119705469587456
false,9821.97,295.91858490566045,37.865,9821.97,295.91858490566045,16.805,666051332504207360
non-rumor,9139.7,301.19866425992797,21.74,9139.7,301.19866425992797,11.565,692929779696275456
unverified,8946.1,332.39978609625655,53.65,8946.1,332.39978609625655,21.91,650975967146602496
true,34.48,4.611020408163265,2.62,34.48,4.611020408163265,3.07,553544694765215745
false,139697.23,3552.145853658537,131.265,139697.23,3552.145853658537,1.7100000000000009,674080899055546368
false,6628.43,179.4156886227544,18.1,6628.43,179.4156886227544,7.865,626770498328895488
false,1740.27,88.94989898989895,18.58,1740.27,88.94989898989895,10.965,657007736467525632
true,1340.35,85.46731578947364,15.6,1340.35,85.46731578947364,26.715,614626710248534016
unverified,1771.05,155.71142857142857,76.53,1771.05,155.71142857142857,33.86000000000001,751536167183613952
non-rumor,260367.97,1430.225027932962,24.225,260367.97,1430.225027932962,19.03,693771953648373760
true,10294.3,291.7898128342246,54.06,10294.3,291.7898128342246,52.98,649903655160815616
non-rumor,75144.87,1725.8256834532378,76.21,75144.87,1725.8256834532378,34.165000000000546,692082861525078017
false,24981.4,477.8657263643364,225.44,24981.4,477.8657263643364,64.87,614054616154550273
false,2164.93,157.2830864197531,43.28,2164.93,157.2830864197531,12.785,674301960787505153
unverified,7891.08,265.42241758241755,23.97,7891.08,265.42241758241755,15.350000000000001,658755852199927808
unverified,40907.4,9259.02751351352,7447.0,40907.4,9259.02751351352,2915.7299999999996,748543642323783681
true,17652.72,215.0089025893955,18.15,17652.72,215.0089025893955,13.850000000000023,614494170590367744
false,2075.73,606.2204999999998,629.11,2075.73,606.2204999999998,47.78,661870323034431489
false,70911.55,833.6283333333337,34.585,70911.55,833.6283333333337,160.34,637873886072320001
unverified,21608.23,471.5479646017701,125.6,21608.23,471.5479646017701,657.0,732004388181434368
non-rumor,9140.53,511.11710706150376,97.7,9140.53,511.11710706150376,14.530000000000001,689938201193115648
false,10500.58,694.7229838709676,465.9,10500.58,694.7229838709676,168.17499999999998,645362146415525888
non-rumor,18735.85,159.24188841201703,11.47,18735.85,159.24188841201703,20.810000000000002,692758581494599681
false,209216.38,6722.126666666662,382.31,209216.38,6722.126666666662,43.05,672632863452299264
unverified,13013.28,384.4941414141415,248.17,13013.28,384.4941414141415,171.82,727187859367546880
unverified,87579.55,9475.882116477269,9122.525000000001,87579.55,9475.882116477269,85.32999999999993,764931593303646208
true,724.12,122.21348314606747,69.75,724.12,122.21348314606747,48.739999999999995,525056576038518785
false,268270.63,2406.7758025682174,320.47,268270.63,2406.7758025682174,167.22,672433211604013057
unverified,12133.87,715.9803313253014,522.4,12133.87,715.9803313253014,71.92000000000007,747275598347837440
unverified,51107.32,2013.9743109540639,387.12,51107.32,2013.9743109540639,123.575,774833492865593344
unverified,69127.03,2107.4856372549016,194.425,69127.03,2107.4856372549016,28.430000000000064,760928376668454912
unverified,28780.27,1246.3987096774188,795.7049999999999,28780.27,1246.3987096774188,24.140000000000185,728013148788154368
true,10114.95,258.6214,16.485,10114.95,258.6214,34.3,614618682543616000
non-rumor,217927.58,1608.8042164179094,17.25,217927.58,1608.8042164179094,19.85,693060960001597440
non-rumor,23304.73,293.68396694214886,41.775000000000006,23304.73,293.68396694214886,38.51000000000002,693826104633737217
unverified,13337.3,450.63949579831933,27.15,13337.3,450.63949579831933,6.699999999999932,723644048867774464
unverified,83920.83,762.4344347826087,16.83,83920.83,762.4344347826087,9.455000000000002,742050150307246080
false,39463.8,399.142222222222,228.88,39463.8,399.142222222222,5.800000000000011,675064077367005184
true,474.13,20.418113207547176,4.67,474.13,20.418113207547176,4.99,524926235030589440
unverified,5566.45,208.33540880503156,28.85,5566.45,208.33540880503156,31.570000000000007,749286768554438658
true,1030.53,96.63199052132703,24.13,1030.53,96.63199052132703,15.61,544380742076088320
true,4893.42,90.11728767123289,16.07,4893.42,90.11728767123289,10.41,614605997953404929
false,9322.43,1535.4720833333333,1349.3899999999999,9322.43,1535.4720833333333,21.60499999999979,629503919098429440
non-rumor,74479.32,439.0879734219267,150.71499999999997,74479.32,439.0879734219267,58.76,692623941131722752
false,102007.4,462.03239700374525,14.88,102007.4,462.03239700374525,15.300000000000002,626546123713474560
false,2140.38,133.1322292993631,20.98,2140.38,133.1322292993631,9.82,672906198434209792
false,6030.08,311.73155172413783,83.725,6030.08,311.73155172413783,5.694999999999965,673615263040798726
false,5921.32,214.96448275862065,10.28,5921.32,214.96448275862065,17.63,647169573599449088
false,903.83,86.49724409448817,28.88,903.83,86.49724409448817,24.11,641050980985999360
unverified,12053.52,331.96886877828047,64.02,12053.52,331.96886877828047,90.39999999999998,727179214546456577
false,20228.63,1050.2757798165137,337.9,20228.63,1050.2757798165137,24.51,666107476526432256
false,220124.12,11053.98334384858,1532.52,220124.12,11053.98334384858,17.110000000000127,620916279608651776
false,241120.25,8299.164651162793,235.55,241120.25,8299.164651162793,135.62000000000003,673664899571060736
true,155.85,20.185057471264376,9.38,155.85,20.185057471264376,3.1500000000000004,544271284796784640
non-rumor,13223.9,446.79852300242095,164.6,13223.9,446.79852300242095,23.299999999999997,692071267189395457
unverified,190427.13,6255.196794117642,690.16,190427.13,6255.196794117642,1357.04,651486105628463105
false,3008.45,162.28438356164384,62.75,3008.45,162.28438356164384,6.710000000000004,675065047710892033
false,1655.38,139.8797222222222,21.26,1655.38,139.8797222222222,22.330000000000002,668144671772778497
false,108599.47,2383.093162393161,43.84,108599.47,2383.093162393161,43.585,604625816992002049
non-rumor,115258.63,1188.328351822504,146.75,115258.63,1188.328351822504,75.555,682996350909157376
non-rumor,167991.83,2443.7577241379304,55.635000000000005,167991.83,2443.7577241379304,38.11,688752927381581824
non-rumor,31668.43,1248.1940000000002,253.25,31668.43,1248.1940000000002,192.89999999999998,693069637030957057
true,76.25,11.364615384615385,4.26,76.25,11.364615384615385,2.995,524962142563610625
non-rumor,8229.65,64.39902494331062,8.23,8229.65,64.39902494331062,6.465,693573781730783232
non-rumor,8602.38,89.89372881355935,34.7,8602.38,89.89372881355935,12.239999999999998,692083780123783172
false,7449.9,240.53827225130888,19.4,7449.9,240.53827225130888,4.019999999999996,627828211003469825
non-rumor,3219.82,218.96359832635977,60.1,3219.82,218.96359832635977,112.815,693059995013742592
true,60733.03,301.4821379310345,18.37,60733.03,301.4821379310345,12.1,614594195479752704
non-rumor,69445.43,381.59809012875525,15.33,69445.43,381.59809012875525,21.24000000000058,692691444046372865
true,4784.92,67.6488148148148,5.42,4784.92,67.6488148148148,4.75,614593989203886080
non-rumor,68966.63,538.5878822314048,67.88499999999999,68966.63,538.5878822314048,21.92,690376107825192960
false,6177.62,235.2052380952382,42.735,6177.62,235.2052380952382,26.869999999999997,658259426172891136
unverified,9432.05,410.3649494949495,18.68,9432.05,410.3649494949495,10.43,676586804242309121
false,133845.3,1475.7514138817478,290.54499999999996,133845.3,1475.7514138817478,27.980000000000018,651959206287908868
true,7168.53,235.84495652173908,29.35,7168.53,235.84495652173908,45.67,681147789653356544
false,49608.23,541.9956829268292,34.775,49608.23,541.9956829268292,48.410000000000004,652882609219833856
true,1337.17,44.831162790697654,14.25,1337.17,44.831162790697654,4.985,544476808566276097
non-rumor,4112.48,189.10918918918918,60.71,4112.48,189.10918918918918,17.5,687274510643511296
false,7360.02,318.211527777778,14.100000000000001,7360.02,318.211527777778,42.989999999999995,647464349611589632
unverified,4401.35,383.67628571428565,62.39,4401.35,383.67628571428565,90.87,726086935903494144
non-rumor,6516.55,220.5658483754513,27.3,6516.55,220.5658483754513,30.0,691632238035886081
true,1162.37,40.593251700680284,9.13,1162.37,40.593251700680284,10.495000000000001,524952883343925249
non-rumor,18960.75,300.95361290322575,15.799999999999999,18960.75,300.95361290322575,25.38,688021039322894336
unverified,16083.42,703.4511538461538,64.48,16083.42,703.4511538461538,12.929999999999998,707308274270539777
non-rumor,7231.32,244.88146341463414,91.43,7231.32,244.88146341463414,42.219999999999985,691678576018657281
non-rumor,2306.78,75.1520274914089,16.17,2306.78,75.1520274914089,12.57,692874200927698945
false,3344.25,399.6445714285714,43.144999999999996,3344.25,399.6445714285714,10.86,666640008149925893
false,3776.55,361.64956896551723,123.06,3776.55,361.64956896551723,140.35,663515735231062016
false,15274.88,610.1763218390803,111.6,15274.88,610.1763218390803,16.205000000000002,643139873264812032
non-rumor,50836.27,1040.9240078585472,150.95,50836.27,1040.9240078585472,170.64999999999998,689860942671130624
false,62015.72,421.38663594470046,24.0,62015.72,421.38663594470046,35.89,656662726014599168
false,3618.17,230.2651428571429,74.37,3618.17,230.2651428571429,9.770000000000003,674229534888185856
unverified,25730.42,627.3923611111114,114.28999999999999,25730.42,627.3923611111114,50.93,716424773216022530
false,9015.42,299.4398630136984,118.275,9015.42,299.4398630136984,45.88499999999999,672432930426372096
false,182560.8,13650.424098360658,4444.355,182560.8,13650.424098360658,435.0100000000002,600451916414484480
non-rumor,20486.88,337.96534828807586,27.92,20486.88,337.96534828807586,19.62,692838430783332357
unverified,153867.77,6836.146736353094,3371.5,153867.77,6836.146736353094,23.09999999999981,717081129627553792
non-rumor,37222.07,6352.989285714281,3018.6499999999996,37222.07,6352.989285714281,223.3199999999997,765612862681255936
false,8507.07,1066.5755172413794,593.88,8507.07,1066.5755172413794,26.769999999999982,641088973717110784
unverified,3445.6,239.111887755102,35.985,3445.6,239.111887755102,11.7,652349108653551616
unverified,11164.57,1066.3660638297877,151.22500000000002,11164.57,1066.3660638297877,10.52499999999991,777710439870455808
true,371.43,35.12451086956521,12.325,371.43,35.12451086956521,14.75,553508098825261056
non-rumor,31499.02,726.3621268292691,155.9,31499.02,726.3621268292691,41.980000000000004,762793077509464064
true,9203.13,153.51708074534156,14.13,9203.13,153.51708074534156,15.409999999999997,614628136634949632
true,164.42,30.491071428571423,16.655,164.42,30.491071428571423,17.865,580324027715063808
false,14520.15,716.0960000000001,67.50999999999999,14520.15,716.0960000000001,28.535000000000004,634665777400950784
false,10159.93,193.50529599999993,58.25,10159.93,193.50529599999993,14.33499999999998,674301413040758785
false,175524.75,4628.316637931036,41.44,175524.75,4628.316637931036,45.82000000000001,613362193787129860
unverified,28074.98,1234.320143884892,287.52,28074.98,1234.320143884892,564.74,743764020679741440
non-rumor,157215.18,8549.381183431951,143.74,157215.18,8549.381183431951,99.04999999999998,692820029159653377
non-rumor,7084.4,160.1410699588477,18.15,7084.4,160.1410699588477,12.260000000000002,693471161313816576
unverified,143668.68,3677.2853333333287,112.145,143668.68,3677.2853333333287,496.67499999999995,716092408920936448
true,1832.55,38.53071428571428,5.8,1832.55,38.53071428571428,3.4600000000000004,524941132237910016
unverified,12301.48,1113.7124761904765,170.33,12301.48,1113.7124761904765,53.19,727116900983934976
false,156963.4,817.3064102564094,13.23,156963.4,817.3064102564094,13.509999999999991,655986243042459648
true,729.0,42.791523178807935,9.75,729.0,42.791523178807935,11.76,544283772569788416
non-rumor,16296.0,199.35520754716984,21.07,16296.0,199.35520754716984,10.099999999999998,693818562981421056
unverified,7169.62,290.0306306306305,18.63,7169.62,290.0306306306305,3.2750000000000004,658938136299511808
false,71993.67,1029.055,118.6,71993.67,1029.055,11.295000000000005,618449248179191808
non-rumor,208545.52,532.0515951492526,47.695,208545.52,532.0515951492526,20.81500000000001,693897857376632832
non-rumor,2312.82,679.6409124087593,594.325,2312.82,679.6409124087593,419.58500000000004,692410832307818497
false,3982.77,276.04313953488384,92.89,3982.77,276.04313953488384,84.375,662381914842603520
true,30800.98,552.3435951134373,200.84,30800.98,552.3435951134373,51.849999999999994,615494435074363392
unverified,3885.58,461.0855319148935,47.41,3885.58,461.0855319148935,24.74500000000006,763520953619918848
non-rumor,7316.5,225.59079622132262,124.05,7316.5,225.59079622132262,23.430000000000007,766568413418356736
true,9837.1,363.4703463203468,106.91,9837.1,363.4703463203468,36.65,676367888543031296
non-rumor,115125.25,1932.385503875968,37.519999999999996,115125.25,1932.385503875968,46.045000000000016,692758050378256388
true,31165.35,3862.708883495146,350.47,31165.35,3862.708883495146,251.83999999999997,642465192408940544
false,7215.97,303.2602240896357,43.8,7215.97,303.2602240896357,19.62,612438528803213312
false,11721.3,409.3469135802468,26.7,11721.3,409.3469135802468,17.045,613425834301485056
unverified,25286.03,1898.147642276424,111.64500000000001,25286.03,1898.147642276424,98.53,714567472712589312
non-rumor,6601.62,245.0443877551021,36.885,6601.62,245.0443877551021,259.88,693281966846808064
false,27541.08,3413.2553409090906,1151.955,27541.08,3413.2553409090906,1036.45,659428447459110912
false,225103.43,2655.4150400000003,34.8,225103.43,2655.4150400000003,18.48,672902686380003328
false,14610.23,479.42408602150533,45.13,14610.23,479.42408602150533,9.849999999999998,659439879701602304
true,5537.78,47.654736842105265,7.550000000000001,5537.78,47.654736842105265,3.4499999999999997,553590459688570880
true,702.75,93.75888888888889,52.28,702.75,93.75888888888889,16.42,525058976376193024
false,4444.35,118.21413127413136,9.17,4444.35,118.21413127413136,7.5200000000000005,669201837187334144
unverified,2855.32,153.62396396396392,14.92,2855.32,153.62396396396392,2.0500000000000003,652300118205427716
non-rumor,65024.5,445.24945945945973,17.83,65024.5,445.24945945945973,12.519999999999982,693203974388895744
unverified,1905.33,197.44834782608686,50.9,1905.33,197.44834782608686,33.34,747443219487678464
unverified,8360.72,313.1454945054946,72.97,8360.72,313.1454945054946,72.78,755548076438196225
unverified,173289.23,2267.4967667121396,101.48,173289.23,2267.4967667121396,26.25,728627623488786433
true,8561.12,113.97585106382975,3.5149999999999997,8561.12,113.97585106382975,5.075,553476880339599360
unverified,30120.3,1138.335668789809,167.27,30120.3,1138.335668789809,205.04999999999998,749039299677417472
non-rumor,840.4,57.77664835164834,33.835,840.4,57.77664835164834,16.85,687537772970684417
unverified,7377.5,663.7399224806202,183.22,7377.5,663.7399224806202,124.05,725070832494624769
unverified,79221.8,837.5166145833335,24.61,79221.8,837.5166145833335,22.620000000000005,728038172270198787
true,2288.37,118.90632183908053,11.0,2288.37,118.90632183908053,8.735,500378223977721856
unverified,67519.52,319.3644615384615,27.285,67519.52,319.3644615384615,18.930000000000003,724348906096590849
false,14801.1,292.92834951456297,24.55,14801.1,292.92834951456297,8.574999999999994,658786161733734400
unverified,20463.23,869.8200753768843,134.74,20463.23,869.8200753768843,10.239999999999846,728207861050970112
false,94977.8,2022.5788524590143,144.375,94977.8,2022.5788524590143,100.2,651402689352351744
false,29676.6,1359.4586315789475,183.67,29676.6,1359.4586315789475,29.354999999999634,634943791934406657
true,857.35,29.438672566371686,7.07,857.35,29.438672566371686,4.709999999999999,544319832486064128
non-rumor,52038.68,778.8825660377356,9.8,52038.68,778.8825660377356,13.249999999999957,693606934050684928
false,2837.62,262.1705223880597,16.89,2837.62,262.1705223880597,36.91000000000008,666810213274689537
non-rumor,39218.299999999996,789.6493606138102,304.58,39218.299999999996,789.6493606138102,30.819999999999993,692692529779707904
non-rumor,90882.73,505.3416013071897,26.509999999999998,90882.73,505.3416013071897,86.21,692498490249891842
non-rumor,105770.97,839.9702127659564,187.33,105770.97,839.9702127659564,27.919999999999987,689867195657101312
true,1223.47,29.043099999999992,2.65,1223.47,29.043099999999992,10.44,553512735192141826
true,680.73,25.2139527027027,3.885,680.73,25.2139527027027,2.2700000000000005,544517264054423552
false,37438.5,1601.7092342342335,64.865,37438.5,1601.7092342342335,9.545,656629493377990656
unverified,238424.4,1919.4623118865832,684.6,238424.4,1919.4623118865832,51.44,663744139666804736
false,19033.05,301.5031192660551,79.5,19033.05,301.5031192660551,18.269999999999996,675005503160901632
false,4260.4,2247.3630097087384,3851.8,4260.4,2247.3630097087384,14.4749999999999,638047610973089793
unverified,3154.33,460.9327631578946,157.14,3154.33,460.9327631578946,35.35,727623131494387714
non-rumor,65962.53,128.01707342295737,6.43,65962.53,128.01707342295737,3.8599999999999994,723198441690636288
true,8592.42,166.75868852459024,18.48,8592.42,166.75868852459024,13.440000000000001,641082932740947972
false,8649.1,852.2066666666668,20.9,8649.1,852.2066666666668,12.360000000000003,648894687542034432
non-rumor,11460.65,311.4884555984556,43.52,11460.65,311.4884555984556,19.355,692925396292091905
unverified,30896.51,1579.1068181818177,795.9200000000001,30896.51,1579.1068181818177,288.62499999999994,752934272500109313
unverified,2749.08,246.84468965517254,72.58,2749.08,246.84468965517254,22.21,778572032531427332
unverified,63456.68,655.7452712765968,127.785,63456.68,655.7452712765968,81.555,716451800581279744
false,527995.75,40906.95970511133,1762.3000000000002,527995.75,40906.95970511133,1140.72,637868242560638980
true,3024.2,230.70553072625702,146.16,3024.2,230.70553072625702,62.305,498430783699554305
false,37888.35,430.90238095238055,43.45,37888.35,430.90238095238055,86.22,641430951403343872
false,73756.05,1481.7910714285713,48.385000000000005,73756.05,1481.7910714285713,75.545,635632641635667968
unverified,8112.92,152.65775510204085,24.935000000000002,8112.92,152.65775510204085,32.67,652000523525091328
false,8467.9,2614.6823188405815,1430.88,8467.9,2614.6823188405815,4127.94,626897206717624320
non-rumor,8866.5,255.40256070640163,31.71,8866.5,255.40256070640163,16.08,693476774462820352
false,242611.8,1823.733071428571,17.045,242611.8,1823.733071428571,28.390000000000004,626516248206135296
false,50611.98,331.47850609756125,12.03,50611.98,331.47850609756125,7.574999999999999,676094756758364160
unverified,79643.6,689.5741304347829,145.93,79643.6,689.5741304347829,31.860000000000003,715256242990505984
non-rumor,13985.45,277.7583709016394,23.085,13985.45,277.7583709016394,15.740000000000002,690650123358093312
unverified,12335.5,193.8492899408284,23.48,12335.5,193.8492899408284,22.715000000000003,701514249269542912
true,29140.57,570.2743262411346,52.03,29140.57,570.2743262411346,25.07,623599854661541888
false,388991.47,1360.0793175852993,337.55,388991.47,1360.0793175852993,337.15,629209452793626624
non-rumor,160465.88,2823.954448398576,1502.5900000000001,160465.88,2823.954448398576,16.08999999999969,693811101146963968
false,23556.85,345.202195121951,24.82,23556.85,345.202195121951,17.945,666497286663503872
false,98353.8,9869.40439490446,99.1,98353.8,9869.40439490446,32.025000000000006,642432477185867776
non-rumor,101913.02,1368.3332484076427,67.34,101913.02,1368.3332484076427,35.97000000000003,682999206290829312
false,17329.88,2427.8298305084754,1813.365,17329.88,2427.8298305084754,1013.93,660466342038867969
false,13387.42,657.5656000000002,46.935,13387.42,657.5656000000002,53.19,656202544331517952
unverified,12577.05,622.220435835351,121.2,12577.05,622.220435835351,179.43,727172374999666688
false,11036.17,236.50881578947366,12.0,11036.17,236.50881578947366,12.95,647193820812177408
unverified,2792.85,213.63555555555564,48.224999999999994,2792.85,213.63555555555564,4.360000000000001,723772395211862016
true,2553.12,78.0746530612245,17.24,2553.12,78.0746530612245,22.76,614607711368519680
false,10186.43,560.558527131783,308.67,10186.43,560.558527131783,8.920000000000016,656818921979310081
false,5159.7,348.52781818181825,30.225,5159.7,348.52781818181825,18.28,647168914955243520
false,10548.85,442.8781290322582,92.76,10548.85,442.8781290322582,17.305000000000003,661251968078221312
non-rumor,13851.65,540.7150917431194,69.71000000000001,13851.65,540.7150917431194,52.82000000000002,690676539323740161
false,3766.32,633.2299290780142,820.34,3766.32,633.2299290780142,66.62,665361505303584774
false,14946.47,890.6939884393065,308.11,14946.47,890.6939884393065,14.55,613294443878305796
false,13443.67,476.8376146788996,74.1,13443.67,476.8376146788996,23.395,676120162018451456
false,45857.83,828.434948453609,236.43,45857.83,828.434948453609,80.03,665379967757324288
non-rumor,30288.63,1028.183315508021,48.095,30288.63,1028.183315508021,198.76000000000002,766752508312166402
false,575406.18,6530.251056241427,200.37,575406.18,6530.251056241427,37.959999999999994,612741808125120513
non-rumor,42353.13,371.758888888889,23.52,42353.13,371.758888888889,24.060000000000002,689267711856263168
false,16283.27,347.5714563106796,59.400000000000006,16283.27,347.5714563106796,35.78,613023744454475776
true,3476.57,84.57654639175259,18.375,3476.57,84.57654639175259,43.435,614671961801785344
true,231087.8,2036.9549391727498,161.06,231087.8,2036.9549391727498,71.85,675490515748425728
unverified,30760.63,1013.7326937269372,646.33,30760.63,1013.7326937269372,441.63,740748123581087745
non-rumor,25886.73,1334.7420618556712,175.52,25886.73,1334.7420618556712,38.67999999999999,690580180805509121
true,615.7,61.93793103448279,19.35,615.7,61.93793103448279,2.1899999999999977,552984502063337472
true,5785.22,218.84567839195972,21.13,5785.22,218.84567839195972,6.990000000000009,650128194209730561
false,5515.03,566.9178205128204,346.74,5515.03,566.9178205128204,306.15000000000003,612841482823729152
false,3868.4,1014.456554621848,474.18,3868.4,1014.456554621848,20.599999999999994,636925368927064064
false,70814.82,875.3117857142855,289.115,70814.82,875.3117857142855,102.25000000000001,674015148382666752
false,12560.52,573.8193548387096,123.05,12560.52,573.8193548387096,47.599999999999994,656834590779289600
false,3289.62,135.52046296296297,7.77,3289.62,135.52046296296297,7.765000000000001,681767380305985536
false,26661.5,333.00003921568583,21.67,26661.5,333.00003921568583,23.08,648310692794109952
true,309.32,86.52584615384615,21.38,309.32,86.52584615384615,12.65,524995771587108864
non-rumor,18828.0,221.73452674897115,16.53,18828.0,221.73452674897115,32.51,692752491482615808
non-rumor,13434.78,475.90793248945096,84.065,13434.78,475.90793248945096,61.23,693502060545703937
unverified,2408.37,151.64893854748604,86.1,2408.37,151.64893854748604,30.45,766789709045518336
unverified,34169.97,655.3402112676059,21.295,34169.97,655.3402112676059,2.549999999999983,652982112870662144
non-rumor,7034.48,118.12200280112043,24.875,7034.48,118.12200280112043,11.645,693456187036037123
non-rumor,70909.58,783.9575347222221,23.975,70909.58,783.9575347222221,17.78,692796451987034113
unverified,5453.45,560.0056190476189,55.02,5453.45,560.0056190476189,15.149999999999999,703234354579898368
non-rumor,48590.02,468.08568656716415,37.975,48590.02,468.08568656716415,10.169999999999987,693466451081060353
unverified,237296.02,6814.416343283582,1625.275,237296.02,6814.416343283582,36.535,655815788675399680
true,441.22,46.017419354838715,23.7,441.22,46.017419354838715,11.599999999999998,552832817089236992
true,364.18,17.024999999999995,6.41,364.18,17.024999999999995,5.710000000000001,544291965513134080
unverified,66120.47,622.76631147541,74.22999999999999,66120.47,622.76631147541,9.159999999999979,726190016435728385
false,12206.55,188.27886792452838,13.54,12206.55,188.27886792452838,19.385,676870737932742656
non-rumor,52512.42,1396.7465612648236,250.03,52512.42,1396.7465612648236,199.89000000000001,672553813249826816
true,1607.6,85.61625730994155,19.53,1607.6,85.61625730994155,126.52000000000001,649881917534433280
non-rumor,4299.4,52.039344262295096,11.77,4299.4,52.039344262295096,8.95,692023855926374400
unverified,8421.42,702.9340944881887,552.17,8421.42,702.9340944881887,173.01,725174535897620481
non-rumor,7104.28,368.6446902654865,26.64,7104.28,368.6446902654865,13.6,688446106943008768
false,3945.98,837.2842857142859,941.615,3945.98,837.2842857142859,178.43000000000006,640107106943766528
unverified,4778.25,142.51113636363633,27.42,4778.25,142.51113636363633,16.115,748640007934590976
unverified,5833.08,489.2363559322036,41.12,5833.08,489.2363559322036,21.100000000000023,724320681517670400
false,195370.53,55917.8608281829,31468.5,195370.53,55917.8608281829,34.50999999999999,640644123339431936
false,65031.9,1157.5508633093523,46.72,65031.9,1157.5508633093523,16.689999999999998,661299012386095105
false,3110.83,178.49882352941177,23.22,3110.83,178.49882352941177,8.059999999999999,613061089518034944
false,277882.55,5241.912984126983,49.57,277882.55,5241.912984126983,47.440000000000005,672424512516964352
true,371166.38,1108.242745901639,30.41,371166.38,1108.242745901639,19.71000000000015,628319096606732290
true,967.2,15.041876574307292,3.185,967.2,15.041876574307292,2.495,524936872666353664
false,1340.0,145.01810810810812,80.94,1340.0,145.01810810810812,22.919999999999998,673611867181473792
false,4359.2,620.469036144578,556.64,4359.2,620.469036144578,141.52499999999998,673581371458199552
false,13566.92,262.14459090909116,23.33,13566.92,262.14459090909116,23.685000000000002,668872645589471232
false,143811.5,1803.2151485148506,40.08,143811.5,1803.2151485148506,16.8,669613420665159680
false,9607.27,255.3596407185629,122.98,9607.27,255.3596407185629,69.93999999999994,676718762830221312
false,23047.77,579.3800760456273,113.08,23047.77,579.3800760456273,60.01999999999998,613194145423826944
unverified,8218.62,403.5685714285714,13.3,8218.62,403.5685714285714,11.99,701175292937707520
true,477.58,47.5688524590164,6.22,477.58,47.5688524590164,3.8649999999999998,544289409294553088
false,6660.28,617.0390728476822,158.17,6660.28,617.0390728476822,21.82,665575674485211136
false,243804.87,5945.999852941172,433.28,243804.87,5945.999852941172,60.48999999999796,641191076716417025
non-rumor,380196.82,3112.2474725274715,111.1,380196.82,3112.2474725274715,27.84,682895395077373952
true,4619.65,44.09030828516375,3.68,4619.65,44.09030828516375,4.64,553587303172833280
false,13767.98,7868.620869565218,10653.33,13767.98,7868.620869565218,13.99999999999909,633823543541768192
true,331.1,15.504567901234573,6.03,331.1,15.504567901234573,5.950000000000001,544381485591982083
non-rumor,8369.92,198.1410013175232,35.85,8369.92,198.1410013175232,29.95,766323684076322816
non-rumor,195009.72,4324.247234042555,89.32,195009.72,4324.247234042555,148.94,691608761128067072
true,7583.07,129.63766798418985,14.29,7583.07,129.63766798418985,21.890000000000004,614638036593299456
true,1211.8,13.54041224970553,2.97,1211.8,13.54041224970553,4.2,553587672137334785
true,6253.35,65.25508650519035,9.0,6253.35,65.25508650519035,18.37,552811386259386370
false,6672.9,378.58072164948453,45.48,6672.9,378.58072164948453,4.615,672828403016429568
false,190597.85,4510.935500000001,72.1,190597.85,4510.935500000001,11.084999999999859,604642913188872192
non-rumor,14063.82,7194.020941619584,7317.16,14063.82,7194.020941619584,128.23500000000013,765359928361922560
false,20034.22,219.51823008849536,16.015,20034.22,219.51823008849536,13.57,626739062792032256
false,11328.73,374.3556834532375,22.08,11328.73,374.3556834532375,23.08500000000002,663722803489808384
non-rumor,357021.57,3717.3993962264135,126.04,357021.57,3717.3993962264135,120.23,691719802499432448
false,36099.48,994.4010869565216,554.25,36099.48,994.4010869565216,43.26999999999998,661120256732041216
false,475638.92,2333.6765471226017,47.91,475638.92,2333.6765471226017,28.16000000000001,634404792241143809
true,189.25,22.77508064516128,8.525,189.25,22.77508064516128,2.86,524923676484177920
false,156827.98,1674.0936271186447,541.88,156827.98,1674.0936271186447,96.86,665364878287224834
false,25189.52,728.3482338902154,319.5,25189.52,728.3482338902154,40.72999999999999,642027433693171712
false,333159.82,10791.958554913295,111.76,333159.82,10791.958554913295,38.05000000001746,626901072209121282
non-rumor,39124.18,336.06050485436896,15.68,39124.18,336.06050485436896,22.240000000000002,692735698349199360
true,425.35,25.505306122448985,7.6,425.35,25.505306122448985,3.754999999999999,544277117039837184
false,10707.25,365.7134057971016,28.14,10707.25,365.7134057971016,1.2399999999999949,663904307113275392
true,1078.17,42.776794871794884,10.82,1078.17,42.776794871794884,3.9450000000000003,544358533819420672
non-rumor,15928.67,450.74249999999995,30.15,15928.67,450.74249999999995,109.16499999999998,693528374996652032
unverified,5728.62,309.1831034482759,49.39,5728.62,309.1831034482759,29.050000000000004,724703995147751424
unverified,5567.9,286.5538202247192,23.78,5567.9,286.5538202247192,23.33,759460236042305536
true,722.08,108.44415094339622,31.53,722.08,108.44415094339622,2.7500000000000004,524965775036387329
false,6861.4,409.4511716621251,116.6,6861.4,409.4511716621251,9.149999999999999,673346166822694914
true,187.67,21.98613636363636,6.800000000000001,187.67,21.98613636363636,11.285,525025463648137216
unverified,7622.07,470.0741258741258,91.4,7622.07,470.0741258741258,28.0,723521076446142465
false,11998.6,905.2814716981136,501.06,11998.6,905.2814716981136,80.915,672488384695279616
false,84500.87,757.8293421052625,31.765,84500.87,757.8293421052625,26.735,642145732435292160
unverified,97393.65,927.200927419355,74.825,97393.65,927.200927419355,30.99000000000001,757748522481491968
unverified,1498.78,144.34244635193141,45.2,1498.78,144.34244635193141,93.16999999999999,716439952922312704
true,7080.02,112.70237113402062,12.11,7080.02,112.70237113402062,14.875000000000004,614604580601597953
false,94694.02,13226.350034013594,449.86,94694.02,13226.350034013594,193.33,643225207705075716
false,250433.23,1140.3378055555563,176.575,250433.23,1140.3378055555563,35.53,654351281260113920
non-rumor,2583.12,131.46662251655636,26.42,2583.12,131.46662251655636,48.66499999999999,692540218310803456
false,435682.35,5121.692357723576,728.02,435682.35,5121.692357723576,20.649999999999977,661102820976930816
non-rumor,30224.77,384.64822916666657,22.275,30224.77,384.64822916666657,25.675,693061713042771968
true,163.67,6.707861635220126,3.58,163.67,6.707861635220126,2.03,544518335019229184
true,7186.98,283.6138095238095,35.215,7186.98,283.6138095238095,8.46,614624331717545984
true,13182.52,581.9930612244899,238.91,13182.52,581.9930612244899,145.6,615840865815298048
false,346856.62,7344.791710526315,3812.31,346856.62,7344.791710526315,9.33999999999969,645356735545364480
non-rumor,5636.17,242.24791932059438,29.78,5636.17,242.24791932059438,17.189999999999998,693651239486263296
true,816.17,39.210062111801264,10.28,816.17,39.210062111801264,11.98,544274934835707905
false,4240.97,140.66783333333333,24.415,4240.97,140.66783333333333,8.05,655080266784968705
unverified,97077.35,3931.765145228214,2124.54,97077.35,3931.765145228214,1659.91,743058135300988932
false,15672.32,446.35967032967034,19.17,15672.32,446.35967032967034,27.049999999999997,658462819667615744
true,96727.38,573.8257990314769,41.4,96727.38,573.8257990314769,24.189999999999998,614617234942656512
unverified,3347.73,439.487725856698,327.32,3347.73,439.487725856698,37.96500000000002,778949749156245504
unverified,2729.94,86.92624413145543,52.64,2729.94,86.92624413145543,4.930000000000003,715253497462145024
true,42134.27,561.1091358024688,20.87,42134.27,561.1091358024688,7.16,544271362022338560
non-rumor,154749.22,809.0757594936701,57.519999999999996,154749.22,809.0757594936701,107.85000000000002,693321561542127616
non-rumor,9768.8,339.72014184397125,17.52,9768.8,339.72014184397125,65.75,692082592380751874
true,551.48,34.82155172413792,9.59,551.48,34.82155172413792,3.08,552793679082311680
non-rumor,19934.93,326.2682678983835,28.31,19934.93,326.2682678983835,17.4,693129259334909952
unverified,241.45,26.867999999999995,10.07,241.45,26.867999999999995,14.209999999999999,648993731169939456
non-rumor,51490.26,695.2086801242227,39.505,51490.26,695.2086801242227,54.38,693893182338289664
non-rumor,9727.88,140.25140625,7.335,9727.88,140.25140625,8.799999999999999,676955015265837056
unverified,1846.2,191.69898305084752,88.07,1846.2,191.69898305084752,48.49999999999999,651786568592658433
true,193.63,13.203246753246752,7.02,193.63,13.203246753246752,3.84,544319274072817664
unverified,7429.45,254.09056179775277,19.3,7429.45,254.09056179775277,14.770000000000001,640182854928961536
unverified,69390.05,459.23931174089097,50.95,69390.05,459.23931174089097,67.065,727588444000526336
true,25514.77,252.5880981595092,9.97,25514.77,252.5880981595092,21.05,628681462976528384
unverified,6194.48,329.71336538461543,50.435,6194.48,329.71336538461543,13.539999999999964,724044187113512960
true,5293.25,933.7194444444448,852.485,5293.25,933.7194444444448,102.49999999999994,650037735579910145
true,160020.28,6961.421854838709,5.665,160020.28,6961.421854838709,66471.97,544289941996326912
true,5116.2,217.3772839506171,28.46,5116.2,217.3772839506171,39.480000000000004,649974380416618496
non-rumor,8236.7,213.8682014388489,128.39999999999998,8236.7,213.8682014388489,10.840000000000003,688428083540553728
unverified,8078.92,605.5858857142855,294.76,8078.92,605.5858857142855,403.02,701975210044497921
non-rumor,7468.76,256.7416546762591,55.38,7468.76,256.7416546762591,21.650000000000006,692826642583019521
false,140065.4,675.7523472008235,165.34,140065.4,675.7523472008235,54.514999999999986,654343805081157633
unverified,12276.88,303.2706377551019,103.195,12276.88,303.2706377551019,121.83,742055437932040193
true,7744.45,264.1357380457381,43.57,7744.45,264.1357380457381,45.31,616481759329427456
false,7783.68,215.74547008547023,14.25,7783.68,215.74547008547023,40.63,613114185505996802
true,108.07,10.056534653465349,5.15,108.07,10.056534653465349,7.795000000000001,552785375161499649
unverified,6404.53,529.7994721407624,134.52,6404.53,529.7994721407624,99.4,697992796565741569
unverified,237485.93,14327.766363636365,165.5,237485.93,14327.766363636365,14.099999999999994,714577521992343552
unverified,32393.18,753.2817602040822,174.055,32393.18,753.2817602040822,1448.24,760120409429643266
non-rumor,40582.98,659.5247338935573,67.12,40582.98,659.5247338935573,6.85,692368829368918017
false,546.57,53.066829268292686,23.46,546.57,53.066829268292686,21.7,672180526946656256
non-rumor,4571.52,238.85351485148524,43.48,4571.52,238.85351485148524,24.135,687409983139495939
non-rumor,20284.57,164.08987158908513,18.68,20284.57,164.08987158908513,11.975,767092161716350980
non-rumor,23119.23,1367.6770102214628,1295.0949999999998,23119.23,1367.6770102214628,33.020000000000095,693857080193761285
false,70817.6,2618.9910320284694,949.38,70817.6,2618.9910320284694,18.57999999999995,623818627054206977
unverified,10629.6,3271.911868131868,3497.38,10629.6,3271.911868131868,51.91000000000004,757450526153900032
unverified,27809.13,2945.5305673758867,3197.78,27809.13,2945.5305673758867,95.37999999999995,728631482722308096
non-rumor,53984.4,2538.3216376306623,462.94,53984.4,2538.3216376306623,49.07000000000005,693402634011701248
false,366953.2,7300.382371794877,1491.28,366953.2,7300.382371794877,55.465,667465205258051584
true,540.53,35.90708894878707,22.0,540.53,35.90708894878707,2.9699999999999998,524925215235911680
true,1020.67,31.909056603773582,7.275,1020.67,31.909056603773582,3.8599999999999994,525028734991343617
false,3398.07,315.1602542372881,61.32,3398.07,315.1602542372881,52.17500000000001,647169726158925824
unverified,13191.93,587.0024193548388,227.94,13191.93,587.0024193548388,81.77,780436430732525569
unverified,21851.83,921.3213541666669,25.935000000000002,21851.83,921.3213541666669,10.084999999999901,723915846985342976
false,1799.62,43.31712195121933,6.98,1799.62,43.31712195121933,123.17999999999999,631388553801564160
false,12626.63,329.5124000000001,85.99,12626.63,329.5124000000001,77.945,656811196218286080
true,20156.47,278.74371257485024,28.55,20156.47,278.74371257485024,29.630000000000006,674358835675549696
non-rumor,19487.1,519.0590744101631,159.5,19487.1,519.0590744101631,806.745,766541461189832704
true,6784.25,280.20208092485547,54.28,6784.25,280.20208092485547,0.0,616765822095261700
non-rumor,10534.12,204.07001666666645,42.435,10534.12,204.07001666666645,21.51,693857551620968448
true,150898.87,502.22093922651953,12.515,150898.87,502.22093922651953,20.855000000000004,614610364702044164
non-rumor,5597.48,274.5200518134715,66.33,5597.48,274.5200518134715,15.149999999999999,693648675772436480
true,1549.52,65.49518324607328,10.48,1549.52,65.49518324607328,4.485,524932935137628160
true,3062.93,220.41679487179505,82.05000000000001,3062.93,220.41679487179505,23.219999999999978,640967537178472448
non-rumor,2292.88,66.43790650406498,11.530000000000001,2292.88,66.43790650406498,5.88,692884886374318081
true,5396.75,125.12076923076923,23.63,5396.75,125.12076923076923,8.684999999999999,614595106906226688
non-rumor,59480.65,399.5704600000005,16.9,59480.65,399.5704600000005,20.379999999999995,693181857261719553
non-rumor,115569.82,882.8660829493086,85.99,115569.82,882.8660829493086,42.69499999999999,693200309955469312
true,750.47,65.40270588235292,34.77,750.47,65.40270588235292,15.33,525049639016615937
unverified,38529.8,753.7909589041096,103.47,38529.8,753.7909589041096,31.690000000000005,755475529294352385
non-rumor,13713.77,392.7380055401664,89.84,13713.77,392.7380055401664,30.08000000000004,692516224245235712
unverified,431.83,42.196829268292674,9.82,431.83,42.196829268292674,17.585000000000004,707604196812591104
true,619297.37,1335.7664769647688,63.565,619297.37,1335.7664769647688,38.76,614790312955904000
unverified,55355.03,866.6926999999997,19.15,55355.03,866.6926999999997,17.73,765739657908850688
non-rumor,12857.35,202.38908361970218,28.38,12857.35,202.38908361970218,18.79,687748306571804672
true,2238.93,175.31072916666673,3.825,2238.93,175.31072916666673,3.1700000000000017,544520273718812672
unverified,9025.17,290.38802919708036,67.76,9025.17,290.38802919708036,93.845,748558349139058688
true,286.78,13.190909090909088,3.35,286.78,13.190909090909088,2.84,544350712365207552
non-rumor,21575.38,265.47050798258374,21.57,21575.38,265.47050798258374,20.880000000000003,688741019979001856
true,15355.95,452.1409282700422,113.2,15355.95,452.1409282700422,63.03000000000001,614702244001382400
non-rumor,14221.5,236.50853448275873,18.65,14221.5,236.50853448275873,4.815000000000001,693641113693884416
non-rumor,15490.75,233.36268707483,43.425,15490.75,233.36268707483,23.58,767861179951648768
true,125.47,21.420504201680675,16.97,125.47,21.420504201680675,10.235000000000001,524925987239120897
non-rumor,46068.12,468.01714285714286,31.22,46068.12,468.01714285714286,17.099999999999998,666335363099660288
non-rumor,8222.2,311.89688775510217,22.365000000000002,8222.2,311.89688775510217,9.084999999999987,692550140754841603
non-rumor,13842.2,276.5117554858934,31.87,13842.2,276.5117554858934,25.95500000000002,688755462783782912
non-rumor,246545.7,3193.363419117644,42.76,246545.7,3193.363419117644,63.11,676491949524713473
non-rumor,5910.35,128.8657024793388,21.8,5910.35,128.8657024793388,19.61,693939356390653952
unverified,19793.65,641.7482400000004,59.62,19793.65,641.7482400000004,28.120000000000005,649584608560832513
unverified,17060.08,354.64575492341345,100.83,17060.08,354.64575492341345,50.42999999999999,707321278135463936
unverified,6466.8,316.6385483870967,64.58500000000001,6466.8,316.6385483870967,19.71,716448280201269248
true,31087.1,415.6312546816484,44.305,31087.1,415.6312546816484,15.005,525019752507658240
unverified,71418.47,25501.589999999997,18517.114999999998,71418.47,25501.589999999997,52.1100000000024,742053606820438016
non-rumor,16150.03,361.54665555555505,30.325,16150.03,361.54665555555505,23.740000000000002,690106189951139840
non-rumor,22112.07,576.5274689655176,168.475,22112.07,576.5274689655176,122.29,767698691205410816
true,10422.77,231.73474654377864,25.87,10422.77,231.73474654377864,19.379999999999654,614620298877513729
unverified,8493.05,692.1500000000003,257.82,8493.05,692.1500000000003,1065.945,654336219447472128
true,4071.08,63.90757575757575,13.52,4071.08,63.90757575757575,14.110000000000001,552791578893619200
true,3519.08,227.28780219780234,25.68,3519.08,227.28780219780234,11.085,614599587362414592
unverified,13161.57,320.8770833333339,107.235,13161.57,320.8770833333339,149.8,701872343736520704
non-rumor,10236.57,315.1939882697948,22.98,10236.57,315.1939882697948,15.580000000000002,693571567377342466
true,32734.68,303.61261398176293,45.35,32734.68,303.61261398176293,93.76,649889459836710912
unverified,16075.73,4097.551604938269,1497.47,16075.73,4097.551604938269,58.85000000000008,763430916236640256
non-rumor,8298.13,219.3112908777973,48.91,8298.13,219.3112908777973,27.964999999999996,688366079396163584
true,389.23,21.872999999999998,3.465,389.23,21.872999999999998,2.280000000000001,524980744658382848
unverified,5173.57,346.86736434108514,36.73,5173.57,346.86736434108514,35.61000000000001,711994705333112832
true,936.18,21.073978494623663,4.445,936.18,21.073978494623663,1.990000000000002,544352727971954690
non-rumor,16004.18,211.2948471615723,42.42,16004.18,211.2948471615723,21.58,765779159176077312
non-rumor,3538.58,186.99655038759698,11.655000000000001,3538.58,186.99655038759698,20.82,690969315470868480
unverified,2585.2,92.61101694915253,5.41,2585.2,92.61101694915253,27.139999999999983,705093513076015104
unverified,3359.25,186.8543181818182,90.35,3359.25,186.8543181818182,11.200000000000003,755523157700648960
unverified,15351.03,1089.5928859060407,176.21,15351.03,1089.5928859060407,144.115,742678930516123650
true,960.23,51.83250000000003,7.115,960.23,51.83250000000003,4.180000000000003,614594259900080128
true,6844.52,149.96835564053526,14.86,6844.52,149.96835564053526,14.46,614614133410033664
true,454.1,25.987090909090913,4.18,454.1,25.987090909090913,4.640000000000001,544278335455776769
non-rumor,866.82,14.766000000000007,4.53,866.82,14.766000000000007,1.995,665309822208729088
unverified,67612.02,2788.6213131313125,2846.9,67612.02,2788.6213131313125,109.05000000000001,732971411157880832
non-rumor,93399.3,1320.685714285714,216.47,93399.3,1320.685714285714,31.680000000000007,693466724822323200
true,9580.97,676.6495774647885,106.68,9580.97,676.6495774647885,37.375,651018580989972480
unverified,14161.12,434.72571428571433,46.37,14161.12,434.72571428571433,37.02000000000001,727982226290442240
true,212136.73,6986.0471428571445,71.08,212136.73,6986.0471428571445,16.270000000000003,667073349974102017
true,800.5,144.87213333333338,26.5,800.5,144.87213333333338,2.710000000000001,524922729485848576
true,54512.62,710.5088311688314,34.495,54512.62,710.5088311688314,14.660000000000082,668849913678209024
non-rumor,2173.83,155.3001503759398,33.285,2173.83,155.3001503759398,26.85000000000001,692743102432346113
unverified,7750.42,278.84675862068974,90.08,7750.42,278.84675862068974,61.74,778299287293816832
unverified,40623.85,840.7922905027932,219.54,40623.85,840.7922905027932,153.81,714503380476026880
non-rumor,25716.17,598.2157986111109,73.93,25716.17,598.2157986111109,22.05,689915847939219456
unverified,26055.18,1990.3307894736845,262.375,26055.18,1990.3307894736845,10.899999999999999,728625967921401856
true,283.65,21.205549132947983,6.75,283.65,21.205549132947983,5.57,524925050739490816
true,3097.85,319.2104411764706,51.45,3097.85,319.2104411764706,18.09,628336948810268673
non-rumor,33415.25,704.1234851936234,100.26,33415.25,704.1234851936234,18.060000000000002,689890946683576322
non-rumor,7289.77,78.42877232142851,6.725,7289.77,78.42877232142851,9.61,767459987476054016
non-rumor,13232.87,110.45874402730404,4.41,13232.87,110.45874402730404,4.15,767203096472719364
non-rumor,19830.17,722.7179999999998,50.8,19830.17,722.7179999999998,11.520000000000035,689641419825242112
non-rumor,119454.95,1342.4761490683227,120.33500000000001,119454.95,1342.4761490683227,180.24,692393375891361794
true,3579.52,48.33192307692309,9.89,3579.52,48.33192307692309,2.54,552783667052167168
true,768.17,38.16897959183672,7.415,768.17,38.16897959183672,9.205000000000002,552834961762709505
unverified,8460.77,169.70298850574716,11.23,8460.77,169.70298850574716,12.775,716416753409081344
unverified,9258.87,260.69302325581384,28.0,9258.87,260.69302325581384,8.905000000000005,707420972173955072
unverified,20029.87,1326.7737933753963,487.565,20029.87,1326.7737933753963,183.85,780882510645370880
true,757.35,60.906272727272764,12.915,757.35,60.906272727272764,14.98500000000001,553160652567498752
true,710.75,74.66454545454545,11.38,710.75,74.66454545454545,6.040000000000001,544268732046913536
non-rumor,4832.17,209.93826446280977,48.33,4832.17,209.93826446280977,53.715,767855091109863424
non-rumor,4214.23,105.11230403800482,19.92,4214.23,105.11230403800482,31.52,692911086920667136
true,384.68,37.14517241379311,16.1,384.68,37.14517241379311,19.32,544282005941530624
true,2881.97,179.84053191489355,28.735,2881.97,179.84053191489355,13.75,614609560658161664
true,39897.97,131.51619913419916,14.9,39897.97,131.51619913419916,14.61,580348081100734464
unverified,5246.95,267.23972222222216,74.905,5246.95,267.23972222222216,25.41,723504069814444033
true,171.13,5.508314606741575,1.73,171.13,5.508314606741575,1.9700000000000002,553586860334010368
unverified,3821.02,313.4683333333335,57.665,3821.02,313.4683333333335,28.28,640118021101604864
non-rumor,287971.58,3114.282048192771,84.875,287971.58,3114.282048192771,27.354999999999976,688751061503442944
unverified,7661.53,1791.9040909090913,599.5699999999999,7661.53,1791.9040909090913,53.95000000000001,778530869208190976
true,494.97,42.423478260869565,11.72,494.97,42.423478260869565,2.1950000000000003,544291804057960448
non-rumor,4296.67,164.02351351351348,30.634999999999998,4296.67,164.02351351351348,24.22,688004802245214208
unverified,33445.3,606.5661607142862,103.535,33445.3,606.5661607142862,46.5,743126914794037248
unverified,3327.43,267.47672131147533,37.224999999999994,3327.43,267.47672131147533,7.779999999999994,653432177632387072
true,2681.15,199.64763888888888,22.92,2681.15,199.64763888888888,11.600000000000001,628604055644934144
non-rumor,4447.3,112.97191570881226,4.44,4447.3,112.97191570881226,166.78,692163879909064704
unverified,62388.97,902.1747692307695,100.235,62388.97,902.1747692307695,37.040000000000006,728273551883534336
true,81.52,9.2459375,4.994999999999999,81.52,9.2459375,3.22,524942470472548352
true,6939.0,82.1580536912751,5.33,6939.0,82.1580536912751,6.430000000000001,552792544132997121
unverified,141674.32,1447.0974647887315,327.95,141674.32,1447.0974647887315,170.32,727834854931435522
true,341.5,28.285660377358493,8.57,341.5,28.285660377358493,4.59,544289311504355328
true,12935.27,364.6643388429756,17.455,12935.27,364.6643388429756,5.779999999999951,614494460747997184
true,343235.23,1439.755,77.27,343235.23,1439.755,24.11499999999998,615592870540488704
non-rumor,12408.82,782.0385937500005,518.85,12408.82,782.0385937500005,183.3,689661418484994049
unverified,10473.87,638.6583783783782,44.68,10473.87,638.6583783783782,57.0,724603564946010112
unverified,27404.43,650.6123295454547,167.605,27404.43,650.6123295454547,31.24,714598318333042688
non-rumor,7341.3,174.26285714285717,19.785,7341.3,174.26285714285717,21.93,656848877463560192
non-rumor,240706.57,1532.2316706443908,9.68,240706.57,1532.2316706443908,10.8,692157602554343424
unverified,5742.13,325.3553448275863,143.47500000000002,5742.13,325.3553448275863,83.995,765735409984806912
true,33386.63,1718.296086956523,160.27,33386.63,1718.296086956523,32.54999999999991,614610102927147008
true,6957.28,516.0290677966103,241.69,6957.28,516.0290677966103,184.03000000000003,614650850393391104
true,52080.33,347.65026315789476,24.005000000000003,52080.33,347.65026315789476,13.17,614648099542204416
true,58.57,5.95,3.15,58.57,5.95,2.14,544514564407427072
unverified,165970.43,993.0059437751001,146.93,165970.43,993.0059437751001,123.2,707305999971921920
non-rumor,41118.58,246.1670158102768,17.259999999999998,41118.58,246.1670158102768,5.010000000000002,644329878876237824
true,992.98,23.496739130434786,3.9450000000000003,992.98,23.496739130434786,5.475,553566026030272512
unverified,174120.63,502.86478555304785,39.34,174120.63,502.86478555304785,12.030000000000001,715253497462145024
non-rumor,6360.05,129.00872222222227,41.095,6360.05,129.00872222222227,25.334999999999994,693804277031157761
unverified,1263.8,69.0765096952909,22.99,1263.8,69.0765096952909,30.909999999999997,715268937873760256
non-rumor,50461.6,1456.4966709183686,1016.06,50461.6,1456.4966709183686,35.889999999999986,763964234774347776
true,14056.23,628.704708520179,26.37,14056.23,628.704708520179,45.735,614616994499788800
non-rumor,121090.9,644.7715531660689,41.11,121090.9,644.7715531660689,24.61,693185853867294721
true,6044.33,53.92469785575053,11.08,6044.33,53.92469785575053,12.0,553506608203169792
unverified,11139.42,2397.9616071428577,465.445,11139.42,2397.9616071428577,228.14000000000001,751856580874960897
unverified,1577.12,141.17318181818177,33.71,1577.12,141.17318181818177,7.539999999999992,712223438698627073
unverified,2689.37,141.39114285714282,11.72,2689.37,141.39114285714282,10.65,707405809181917184
non-rumor,38018.77,390.6485774058577,47.94,38018.77,390.6485774058577,32.964999999999996,693013768738115584
unverified,37331.78,1373.543689320388,414.82,37331.78,1373.543689320388,85.07000000000005,744390771869102080
true,659.18,19.239016393442636,5.46,659.18,19.239016393442636,7.595,524959809402331137
unverified,2910.78,142.0468531468532,20.68,2910.78,142.0468531468532,25.269999999999996,778689027918618625
unverified,4865.83,559.5866981132076,20.025,4865.83,559.5866981132076,7.41,707412869860696064
unverified,1308.03,94.7547572815534,7.97,1308.03,94.7547572815534,6.609999999999999,650710483289419776
unverified,354476.5,13322.130633147099,4316.08,354476.5,13322.130633147099,129.89499999999953,656523458139045889
non-rumor,10694.37,123.83526104417669,10.54,10694.37,123.83526104417669,13.504999999999978,693135382309896192
true,6650.73,598.3676247504986,349.63,6650.73,598.3676247504986,124.94999999999999,623533663947517952
non-rumor,14249.83,215.70685683530687,24.23,14249.83,215.70685683530687,9.485000000000003,692833140428017664
true,10189.97,249.95552706552724,51.52,10189.97,249.95552706552724,12.28,614599815280857088
non-rumor,61012.28,1064.6172833333333,157.755,61012.28,1064.6172833333333,24.294999999999998,693853310479155200
true,1201.47,60.864469696969685,11.114999999999998,1201.47,60.864469696969685,11.000000000000005,614615157730357248
unverified,4477.87,288.3889560439562,135.99,4477.87,288.3889560439562,24.279999999999973,714851393861881857
non-rumor,43299.28,417.69040656205465,45.61,43299.28,417.69040656205465,20.27000000000001,767859423150759936
non-rumor,27313.82,1217.5106611570254,68.92,27313.82,1217.5106611570254,29.805000000000003,764906140257837056
true,202307.98,1295.398025751073,87.73,202307.98,1295.398025751073,29.875000000000014,619242759359037440
true,702.47,27.647875,3.575,702.47,27.647875,2.5799999999999996,552792913910833152
unverified,26289.62,2548.6588659793815,1723.08,26289.62,2548.6588659793815,199.27999999999997,764368020391223296
unverified,9423.97,155.39837944664035,54.41,9423.97,155.39837944664035,49.76,741995157969592321
non-rumor,17649.62,271.20654700854726,32.89,17649.62,271.20654700854726,16.520000000000003,767754921403899906
non-rumor,42997.85,351.9003676470587,15.89,42997.85,351.9003676470587,25.555000000000017,692940257134653441
true,85830.35,1225.2045145631064,58.54,85830.35,1225.2045145631064,9.550000000000002,667487418388488192
true,589.05,17.42594871794871,2.35,589.05,17.42594871794871,2.135,553586897168392192
unverified,30177.05,595.6883116883114,22.13,30177.05,595.6883116883114,26.47500000000001,730516765525082112
non-rumor,10067.38,329.22533582089534,28.884999999999998,10067.38,329.22533582089534,109.4,693128224960856064
true,471.55,129.9985714285714,157.12,471.55,129.9985714285714,12.900000000000002,553221600955621376
non-rumor,20562.62,339.283654618474,31.85,20562.62,339.283654618474,39.504999999999995,693071538896162816
non-rumor,60946.88,325.71688622754453,183.12,60946.88,325.71688622754453,8.655000000000001,693869818366287872
unverified,27245.17,707.0552753755106,238.1,27245.17,707.0552753755106,135.07,714998347111669760
non-rumor,26968.05,245.3964307692308,40.08,26968.05,245.3964307692308,12.539999999999964,686666933949837312
non-rumor,3412.55,127.79903973509934,47.795,3412.55,127.79903973509934,38.44,767710042816602112
unverified,104222.68,1621.4590598290595,72.15,104222.68,1621.4590598290595,173.455,714811995573325828
unverified,3708.9,984.8641481481486,848.62,3708.9,984.8641481481486,17.289999999999964,728101712762834944
true,1519.7,52.79366525423727,20.995,1519.7,52.79366525423727,19.825000000000003,544399927045283840
true,164.43,17.00280701754385,6.37,164.43,17.00280701754385,2.615,524947674164760577
unverified,413.25,46.347969924812006,14.57,413.25,46.347969924812006,7.18,701539698452393986
unverified,381879.9,12821.690277777778,632.64,381879.9,12821.690277777778,23.56999999999971,653285570383335424
true,141.83,13.400789473684211,5.3,141.83,13.400789473684211,12.729999999999999,552792802309181440
unverified,1491.2,143.801724137931,31.975,1491.2,143.801724137931,16.87000000000012,707310135291416576
non-rumor,11143.13,171.8641666666666,12.58,11143.13,171.8641666666666,5.939999999999982,693196937172951040
true,5899.42,262.27246268656717,48.035,5899.42,262.27246268656717,20.4,614891047886434304
true,10409.05,241.43379629629635,10.695,10409.05,241.43379629629635,20.940000000000005,525023025792835585
unverified,11845.08,306.754864864865,139.5,11845.08,306.754864864865,114.54,765887221736046592
non-rumor,14051.38,208.95522342064734,26.79,14051.38,208.95522342064734,17.16500000000001,767561970182598657
non-rumor,10105.83,633.8543624161074,125.05,10105.83,633.8543624161074,28.609999999999985,687984820815851521
true,485.0,17.403373493975902,4.24,485.0,17.403373493975902,4.48,544282227035869184
non-rumor,12230.08,490.2068677042798,86.77000000000001,12230.08,490.2068677042798,137.2,766822417712963584
true,3455.03,151.1731428571429,9.185,3455.03,151.1731428571429,3.6400000000000006,553558982476828674
true,389.8,34.4674125874126,9.63,389.8,34.4674125874126,0.48,544290258951892992
unverified,30176.48,2314.3506315789446,175.22,30176.48,2314.3506315789446,293.57500000000005,650254360727973889
true,2102.62,58.47262672811061,18.35,2102.62,58.47262672811061,11.02,544329935943237632
non-rumor,2040.18,66.62284810126582,9.415,2040.18,66.62284810126582,3.8749999999999987,693586539562037248
non-rumor,34169.4,282.27050338091635,31.94,34169.4,282.27050338091635,27.115000000000002,764497123530375169
unverified,6728.92,411.21438818565406,94.17,6728.92,411.21438818565406,88.71,724939017410727938
unverified,119755.28,2060.9452421052642,355.87,119755.28,2060.9452421052642,20.724999999999994,651044059222556674
true,181.28,23.02326086956521,7.130000000000001,181.28,23.02326086956521,3.875,552802654641225728
unverified,2063.58,97.83594594594595,13.65,2063.58,97.83594594594595,7.215,723477822950395904
true,243.68,29.05461538461539,6.6,243.68,29.05461538461539,7.75,544305540286148609
non-rumor,18037.17,473.97880398671106,74.64,18037.17,473.97880398671106,14.440000000000001,693906624776245249
true,78.33,14.921038961038953,10.17,78.33,14.921038961038953,5.9,524923462398513152
unverified,3781.35,1042.2947916666665,968.4449999999999,3781.35,1042.2947916666665,37.50999999999999,763896522790440960
true,25962.92,288.38918750000005,20.345,25962.92,288.38918750000005,87.44,616421546702336000
true,468.37,15.557971274685805,4.28,468.37,15.557971274685805,5.155,524944399890124801
non-rumor,10198.17,326.5956435643565,121.58,10198.17,326.5956435643565,66.47999999999999,686657138270277634
true,554.85,40.2249489795918,10.530000000000001,554.85,40.2249489795918,5.24,544391176137089024
true,2573.27,71.83192307692306,19.35,2573.27,71.83192307692306,11.93,524969201102901248
unverified,102379.22,1056.4374285714289,21.66,102379.22,1056.4374285714289,115.49000000000001,756690088533393409
non-rumor,4635.17,345.97086058519835,184.64,4635.17,345.97086058519835,90.82,767807335691653120
true,2487.07,65.27892857142858,12.58,2487.07,65.27892857142858,8.120000000000001,552806757672964097
non-rumor,50131.83,573.4925320512824,112.7,50131.83,573.4925320512824,740.3900000000001,693761289601060864
true,29.22,4.8978125,2.98,29.22,4.8978125,1.64,544350567183556608
unverified,7493.68,590.5030303030305,87.9,7493.68,590.5030303030305,18.950000000000017,758825535480864769
unverified,28850.63,361.50063380281705,29.555,28850.63,361.50063380281705,7.100000000000023,707300612862566400
non-rumor,5297.25,141.40663230240554,16.17,5297.25,141.40663230240554,9.719999999999997,693080409282846720
true,6578.62,83.07223065250376,9.81,6578.62,83.07223065250376,10.43,614593386188828672
non-rumor,41392.73,1218.5975471698112,333.91,41392.73,1218.5975471698112,115.64,692664097125601281
non-rumor,29025.83,524.0090451388885,37.9,29025.83,524.0090451388885,98.47,767129248045948929
non-rumor,2297.65,79.08274999999999,21.64,2297.65,79.08274999999999,123.24000000000001,692701223326056449
unverified,16698.95,1149.5488125000004,387.19500000000005,16698.95,1149.5488125000004,23.779999999999973,732981604826677249
non-rumor,39011.05,510.8942528735634,64.27,39011.05,510.8942528735634,16.985000000000003,692742353736568833
true,1993.22,85.36999999999998,16.62,1993.22,85.36999999999998,30.849999999999994,650046859537448960
non-rumor,13995.35,1514.1324019607844,48.405,13995.35,1514.1324019607844,38.68499999999997,693171092555431936
non-rumor,21791.77,642.1722058823533,45.065,21791.77,642.1722058823533,12.269999999999982,693546915892428800
true,1110.08,69.9584307692308,27.83,1110.08,69.9584307692308,5.42,544269749405097984
unverified,24738.58,656.2515753424656,52.35,24738.58,656.2515753424656,4.850000000000001,760109079133990912
unverified,26430.47,5694.402384105959,2373.07,26430.47,5694.402384105959,69.05000000000001,779633844680962048
non-rumor,6517.07,248.97386792452812,52.74,6517.07,248.97386792452812,26.74,765859710503378944
